<EVServiceTimeList xsi:schemaLocation="https://traffic.transportdata.tw/standard/EVStation/schema/" xmlns="https://traffic.transportdata.tw/standard/EVStation/schema/" xmlns:xsi="http://www.w3.org/2001/XMLSchema-instance">
  <UpdateTime>2022-09-30T09:32:07+08:00</UpdateTime>
  <UpdateInterval>86400</UpdateInterval>
  <AuthorityCode>TPE</AuthorityCode>
  <ServiceTimes>
    <ServiceTime>
      <StationID>42861108-S0001</StationID>
      <OpeningHours>
        <OpeningHour>
          <ServiceType>1</ServiceType>
          <DayType>1</DayType>
          <StartTime>00:00</StartTime>
          <EndTime>23:59</EndTime>
          <LastEntranceTime>…</LastEntranceTime>
        </OpeningHour>
      </OpeningHours>
    </ServiceTime>
  </ServiceTimes>
</EVServiceTimeList>