<EVConnectorLiveStatusList xsi:schemaLocation="https://traffic.transportdata.tw/standard/EVStation/schema/" xmlns="https://traffic.transportdata.tw/standard/EVStation/schema/" xmlns:xsi="http://www.w3.org/2001/XMLSchema-instance">
  <UpdateTime>2022-09-30T09:32:07+08:00</UpdateTime>
  <UpdateInterval>86400</UpdateInterval>
  <AuthorityCode>TPE</AuthorityCode>
  <LiveStatuses>
    <LiveStatus>
      <StationID>42861108-S0001</StationID>
      <ChargingPointID>42861108-P0003</ChargingPointID>
      <ConnectorID>1</ConnectorID>
      <ConnectorType>2</ConnectorType>
      <ConnectorStatus>1</ConnectorStatus>
      <ChargedKWH>120</ChargedKWH>
      <ChargedPercent>90</ChargedPercent>
      <LastUpdateTime>2022-09-30T09:32:07+08:00</LastUpdateTime>
    </LiveStatus>
  </LiveStatuses>
</EVConnectorLiveStatusList>