<EVConnectorList xsi:schemaLocation="https://traffic.transportdata.tw/standard/EVStation/schema/" xmlns="https://traffic.transportdata.tw/standard/EVStation/schema/" xmlns:xsi="http://www.w3.org/2001/XMLSchema-instance">
  <UpdateTime>2022-09-30T09:32:07+08:00</UpdateTime>
  <UpdateInterval>86400</UpdateInterval>
  <AuthorityCode>TPE</AuthorityCode>
  <Connectors>
    <Connector>
      <StationID>42861108-S0001</StationID>
      <ChargingPointID>42861108-P0001</ChargingPointID>
      <ConnectorID>42861108-C0002</ConnectorID>
      <Type>5</Type>
      <Power>1</Power>
      <Voltage>110V</Voltage>
      <CurrentRating>32A</CurrentRating>
      <PowerRating>7kw</PowerRating>
      <Floor>1</Floor>
      <UsageRestriction>本充電槍限特斯拉車款使用</UsageRestriction>
    </Connector>
  </Connectors>
</EVConnectorList>