<EVChargingPointList xsi:schemaLocation="https://traffic.transportdata.tw/standard/EVStation/schema/" xmlns="https://traffic.transportdata.tw/standard/EVStation/schema/" xmlns:xsi="http://www.w3.org/2001/XMLSchema-instance">
  <UpdateTime>2022-09-30T09:32:07+08:00</UpdateTime>
  <UpdateInterval>86400</UpdateInterval>
  <AuthorityCode>TPE</AuthorityCode>
  <ChargingPoints>
    <ChargingPoint>
      <StationID>42861108-S0001</StationID>
      <ChargingPointID>42861108-P0001</ChargingPointID>
      <OperatorID>29162550</OperatorID>
      <Connectors>
        <Connector>
          <Type>1</Type>
          <Quantity>2</Quantity>
        </Connector>
        <Connector>
          <Type>2</Type>
          <Quantity>3</Quantity>
        </Connector>
      </Connectors>
      <ChargingRate>計時/30元每小時</ChargingRate>
      <Payment>
        <CreditCard>1</CreditCard>
        <SmartCard>1</SmartCard>
        <EPay>1</EPay>
        <Others>0</Others>
      </Payment>
      <StartType>
        <ByCard>1</ByCard>
        <ByApp>0</ByApp>
        <ByStaff>0</ByStaff>
        <Others>1</Others>
      </StartType>
      <OperationURL>…</OperationURL>
      <Floor>1</Floor>
      <UsageRestriction>本充電樁限特斯拉車款使用</UsageRestriction>
    </ChargingPoint>
  </ChargingPoints>
</EVChargingPointList>