<EVStationList xsi:schemaLocation="https://traffic.transportdata.tw/standard/EVStation/schema/" xmlns="https://traffic.transportdata.tw/standard/EVStation/schema/" xmlns:xsi="http://www.w3.org/2001/XMLSchema-instance">
  <UpdateTime>2022-09-30T09:32:07+08:00</UpdateTime>
  <UpdateInterval>86400</UpdateInterval>
  <AuthorityCode>TPE</AuthorityCode>
  <Stations>
    <Station>
      <StationID>42861108-S0001</StationID>
      <StationName>
        <Zh_tw>板橋車站停車場充電站</Zh_tw>
        <En>…</En>
      </StationName>
      <Description>充電費率每小時40元。充電插頭J-1772。充電格位數2</Description>
      <OperatorID>29162550</OperatorID>
      <OperationType>2</OperationType>
      <PositionLat>25.01255</PositionLat>
      <PositionLon>121.50125</PositionLon>
      <Geometry>…</Geometry>
      <Spaces>6</Spaces>
      <ChargingPoints>6</ChargingPoints>
      <Connectors>
        <Connector>
          <Type>1</Type>
          <Power>1</Power>
          <Quantity>4</Quantity>
        </Connector>
        <Connector>
          <Type>2</Type>
          <Power>1</Power>
          <Quantity>2</Quantity>
        </Connector>
      </Connectors>
      <ServiceTime>7x24小時或每日/00:00-24:00</ServiceTime>
      <ParkingRate>計時/每日/20元每小時</ParkingRate>
      <ChargingRate>計時每小時20元</ChargingRate>
      <Floors>B1,B2</Floors>
      <UsageRestriction>本充電站限會員使用</UsageRestriction>
      <PhotoURLs>
        <PhotoURL>…</PhotoURL>
      </PhotoURLs>
      <Location>
        <Freeway>
          <Road>國道1號</Road>
          <ServiceArea>清水休息區</ServiceArea>
        </Freeway>
        <CityRoad>
          <City>臺北市</City>
          <Town>中正區</Town>
          <Road>羅斯福路一段</Road>
        </CityRoad>
        <Place>
          <POI>101大樓</POI>
        </Place>
        <Address>
          <City>臺北市</City>
          <Town>松山區</Town>
          <Road>民生東路五段</Road>
          <Lane>152巷</Lane>
          <Alley>3弄</Alley>
          <No>6號</No>
        </Address>
      </Location>
      <Telephone>02-23955514</Telephone>
      <Reference>
        <CarPark>
          <CarParkID>056</CarParkID>
        </CarPark>
        <CurbParkingSegment>
          <ParkingSegmentID>3020151</ParkingSegmentID>
        </CurbParkingSegment>
      </Reference>
    </Station>
  </Stations>
</EVStationList>