<EVChargingRateList xsi:schemaLocation="https://traffic.transportdata.tw/standard/EVStation/schema/" xmlns="https://traffic.transportdata.tw/standard/EVStation/schema/" xmlns:xsi="http://www.w3.org/2001/XMLSchema-instance">
  <UpdateTime>2022-09-30T09:32:07+08:00</UpdateTime>
  <UpdateInterval>86400</UpdateInterval>
  <AuthorityCode>TPE</AuthorityCode>
  <ChargingRates>
    <ChargingRate>
      <StationID>42861108-S0001</StationID>
      <ChargingPointID>42861108-P0002</ChargingPointID>
      <ConnectorID>42861108-C0001</ConnectorID>
      <Rates>
        <Rate>
          <RateType>2</RateType>
          <PricingType>2</PricingType>
          <RatePrice>10</RatePrice>
          <StartTime>00:00</StartTime>
          <EndTime>7:00</EndTime>
          <Peak>2</Peak>
        </Rate>
        <Rate>
          <RateType>2</RateType>
          <PricingType>2</PricingType>
          <RatePrice>20</RatePrice>
          <StartTime>07:00</StartTime>
          <EndTime>20:00</EndTime>
          <Peak>1</Peak>
        </Rate>
      </Rates>
      <OvertimeRate>15</OvertimeRate>
    </ChargingRate>
  </ChargingRates>
</EVChargingRateList>