<EVOperatorList xsi:schemaLocation="https://traffic.transportdata.tw/standard/EVStation/schema/" xmlns="https://traffic.transportdata.tw/standard/EVStation/schema/" xmlns:xsi="http://www.w3.org/2001/XMLSchema-instance">
  <UpdateTime>2022-09-30T09:32:07+08:00</UpdateTime>
  <UpdateInterval>86400</UpdateInterval>
  <AuthorityCode>TPE</AuthorityCode>
  <Operators>
    <Operator>
      <OperatorID>29162550</OperatorID>
      <OperatorName>
        <Zh_tw>裕電能源股份有限公司</Zh_tw>
        <En> YES-Energy Service Co., LTD.</En>
      </OperatorName>
      <Telephone>02-27026627</Telephone>
      <Address>新北市新店區中興路3段3號2樓</Address>
      <WebURL>https://www.findcompany.com.tw/</WebURL>
      <LogoURL>https://www.findcompany.com.tw/logo.png</LogoURL>
      <TsAndCsURL>https://www.findcompany.com.tw/</TsAndCsURL>
      <BAN>29162550</BAN>
    </Operator>
  </Operators>
</EVOperatorList>