<EVParkingRateList xsi:schemaLocation="https://traffic.transportdata.tw/standard/EVStation/schema/" xmlns="https://traffic.transportdata.tw/standard/EVStation/schema/" xmlns:xsi="http://www.w3.org/2001/XMLSchema-instance">
  <UpdateTime>2022-09-30T09:32:07+08:00</UpdateTime>
  <UpdateInterval>86400</UpdateInterval>
  <AuthorityCode>TPE</AuthorityCode>
  <ParkingRates>
    <ParkingRate>
      <StationID>42861108-S0001</StationID>
      <Rates>
        <Rate>
          <RateType>2</RateType>
          <PricingType>1</PricingType>
          <DayType>1</DayType>
          <RatePrice>20</RatePrice>
          <MaxPrice>200</MaxPrice>
        </Rate>
      </Rates>
    </ParkingRate>
  </ParkingRates>
</EVParkingRateList>